Sbj,Emo,Fctype,Grp,Emo2,Trial,Side,fixDur,fixNum,TotlDur,TotlNum,weight,fixDurPor,Famil
1,FEAR,Other,UK,FEAR,1,L,2.649,2,4.049,7,0.8098,0.654235613731786,famil
1,FEAR,Other,UK,HAPPY,1,R,0.917,3,4.049,7,0.8098,0.22647567300568,novel
1,FEAR,Other,UK,FEAR,2,R,2.715,5,4.197,8,0.8394,0.646890636168692,famil
1,FEAR,Other,UK,HAPPY,2,L,1.482,3,4.197,8,0.8394,0.353109363831308,novel
2,FEAR,Other,UK,FEAR,1,L,2.465,6,4.514,12,0.9028,0.546078865750997,famil
2,FEAR,Other,UK,HAPPY,1,R,2.049,6,4.514,12,0.9028,0.453921134249003,novel
2,FEAR,Other,UK,FEAR,2,R,2.797,5,4.029,6,0.8058,0.69421692727724,famil
2,FEAR,Other,UK,HAPPY,2,L,1.232,1,4.029,6,0.8058,0.30578307272276,novel
3,FEAR,Other,UK,FEAR,1,R,1.733,4,4.315,12,0.863,0.40162224797219,famil
3,FEAR,Other,UK,HAPPY,1,L,2.249,6,4.315,12,0.863,0.521205098493627,novel
3,FEAR,Other,UK,FEAR,2,L,1.882,4,3.814,6,0.7628,0.493445201887782,famil
3,FEAR,Other,UK,HAPPY,2,R,1.932,2,3.814,6,0.7628,0.506554798112218,novel
4,FEAR,Other,UK,FEAR,1,L,2.247,6,4.361,11,0.8722,0.515248796147673,famil
4,FEAR,Other,UK,HAPPY,1,R,2.114,5,4.361,11,0.8722,0.484751203852327,novel
4,FEAR,Other,UK,FEAR,2,R,2.598,6,4.264,11,0.8528,0.609287054409006,famil
4,FEAR,Other,UK,HAPPY,2,L,1.666,5,4.264,11,0.8528,0.390712945590994,novel
5,FEAR,Other,UK,FEAR,1,L,1.683,4,4.398,8,0.8796,0.382673942701228,famil
5,FEAR,Other,UK,HAPPY,1,R,2.215,3,4.398,8,0.8796,0.503638017280582,novel
5,FEAR,Other,UK,FEAR,2,R,2.916,6,4.448,11,0.8896,0.655575539568345,famil
5,FEAR,Other,UK,HAPPY,2,L,0.949,3,4.448,11,0.8896,0.213354316546763,novel
6,FEAR,Other,UK,FEAR,1,R,2.563,7,4.478,11,0.8956,0.572353729343457,famil
6,FEAR,Other,UK,HAPPY,1,L,1.915,4,4.478,11,0.8956,0.427646270656543,novel
6,FEAR,Other,UK,FEAR,2,L,1.565,3,2.614,6,0.5228,0.598699311400153,famil
6,FEAR,Other,UK,HAPPY,2,R,0.716,2,2.614,6,0.5228,0.273909716908952,novel
7,FEAR,Other,UK,FEAR,1,L,1.016,3,3.548,10,0.7096,0.286358511837655,famil
7,FEAR,Other,UK,HAPPY,1,R,2.132,6,3.548,10,0.7096,0.600901916572717,novel
7,FEAR,Other,UK,FEAR,2,R,2.565,7,3.614,10,0.7228,0.709739900387382,famil
7,FEAR,Other,UK,HAPPY,2,L,1.049,3,3.614,10,0.7228,0.290260099612618,novel
8,FEAR,Other,UK,FEAR,1,R,2.066,4,3.98,8,0.796,0.519095477386935,famil
8,FEAR,Other,UK,HAPPY,1,L,1.914,4,3.98,8,0.796,0.480904522613065,novel
8,FEAR,Other,UK,FEAR,2,L,2.565,6,4.114,9,0.8228,0.623480797277589,famil
8,FEAR,Other,UK,HAPPY,2,R,1.549,3,4.114,9,0.8228,0.376519202722411,novel
9,FEAR,Other,UK,FEAR,1,R,2.381,6,3.78,10,0.756,0.62989417989418,famil
9,FEAR,Other,UK,HAPPY,1,L,1.399,4,3.78,10,0.756,0.37010582010582,novel
9,FEAR,Other,UK,FEAR,2,L,2.016,4,3.549,9,0.7098,0.568047337278106,famil
9,FEAR,Other,UK,HAPPY,2,R,1.233,3,3.549,9,0.7098,0.34742180896027,novel
10,FEAR,Other,UK,FEAR,1,R,2.065,4,4.082,9,0.8164,0.505879470847624,famil
10,FEAR,Other,UK,HAPPY,1,L,2.017,5,4.082,9,0.8164,0.494120529152376,novel
10,FEAR,Other,UK,FEAR,2,L,2.631,4,4.329,7,0.8658,0.607761607761608,famil
10,FEAR,Other,UK,HAPPY,2,R,1.698,3,4.329,7,0.8658,0.392238392238392,novel
11,FEAR,Other,UK,FEAR,1,R,1.332,3,4.08,11,0.816,0.326470588235294,famil
11,FEAR,Other,UK,HAPPY,1,L,2.748,8,4.08,11,0.816,0.673529411764706,novel
11,FEAR,Other,UK,FEAR,2,L,1.416,3,4.248,10,0.8496,0.333333333333333,famil
11,FEAR,Other,UK,HAPPY,2,R,2.832,7,4.248,10,0.8496,0.666666666666667,novel
12,FEAR,Other,UK,FEAR,1,R,2.764,4,4.313,6,0.8626,0.640853234407605,famil
12,FEAR,Other,UK,HAPPY,1,L,1.549,2,4.313,6,0.8626,0.359146765592395,novel
12,FEAR,Other,UK,FEAR,2,L,1.783,4,4.514,8,0.9028,0.394993354009747,famil
12,FEAR,Other,UK,HAPPY,2,R,2.731,4,4.514,8,0.9028,0.605006645990253,novel
13,FEAR,Other,UK,FEAR,1,R,1.981,5,4.212,12,0.8424,0.470322886989554,famil
13,FEAR,Other,UK,HAPPY,1,L,2.231,7,4.212,12,0.8424,0.529677113010446,novel
13,FEAR,Other,UK,FEAR,2,L,2.547,6,3.564,10,0.7128,0.714646464646465,famil
13,FEAR,Other,UK,HAPPY,2,R,0.767,3,3.564,10,0.7128,0.215207631874299,novel
14,FEAR,Other,UK,FEAR,1,L,1,3,3.797,15,0.7594,0.263365815117198,famil
14,FEAR,Other,UK,HAPPY,1,R,1.215,4,3.797,15,0.7594,0.319989465367395,novel
14,FEAR,Other,UK,FEAR,2,R,0.766,3,4.43,12,0.886,0.172911963882618,famil
14,FEAR,Other,UK,HAPPY,2,L,2.848,6,4.43,12,0.886,0.642889390519187,novel
15,FEAR,Other,UK,FEAR,1,R,1.35,3,3.88,10,0.776,0.347938144329897,famil
15,FEAR,Other,UK,HAPPY,1,L,2.164,6,3.88,10,0.776,0.557731958762887,novel
15,FEAR,Other,UK,FEAR,2,L,2.199,5,4.164,8,0.8328,0.528097982708934,famil
15,FEAR,Other,UK,HAPPY,2,R,1.965,3,4.164,8,0.8328,0.471902017291066,novel
16,FEAR,Other,UK,FEAR,1,L,2.066,5,4.863,13,0.9726,0.424840633353897,famil
16,FEAR,Other,UK,HAPPY,1,R,1.732,4,4.863,13,0.9726,0.356158749742957,novel
16,FEAR,Other,UK,FEAR,2,R,1.166,3,4.315,11,0.863,0.270220162224797,famil
16,FEAR,Other,UK,HAPPY,2,L,2.232,4,4.315,11,0.863,0.517265353418308,novel
17,FEAR,Other,UK,FEAR,1,R,0.966,3,1.548,5,0.3096,0.624031007751938,famil
17,FEAR,Other,UK,HAPPY,1,L,0.316,1,1.548,5,0.3096,0.204134366925065,novel
17,FEAR,Other,UK,FEAR,2,L,0.999,2,2.898,7,0.5796,0.34472049689441,famil
17,FEAR,Other,UK,HAPPY,2,R,1.549,4,2.898,7,0.5796,0.534506556245687,novel
18,FEAR,Other,UK,FEAR,1,R,2.098,6,3.897,13,0.7794,0.538362843212728,famil
18,FEAR,Other,UK,HAPPY,1,L,1.483,5,3.897,13,0.7794,0.380549140364383,novel
18,FEAR,Other,UK,FEAR,2,L,1.699,5,4.213,12,0.8426,0.403275575599335,famil
18,FEAR,Other,UK,HAPPY,2,R,2.514,7,4.213,12,0.8426,0.596724424400665,novel
19,FEAR,Other,UK,FEAR,1,R,2.415,7,3.781,10,0.7562,0.638719915366305,famil
19,FEAR,Other,UK,HAPPY,1,L,1.366,3,3.781,10,0.7562,0.361280084633695,novel
19,FEAR,Other,UK,FEAR,2,L,1.914,5,3.147,10,0.6294,0.608198284080076,famil
19,FEAR,Other,UK,HAPPY,2,R,1.233,5,3.147,10,0.6294,0.391801715919924,novel
20,FEAR,Other,UK,FEAR,1,L,0.9,3,3.282,10,0.6564,0.274223034734918,famil
20,FEAR,Other,UK,HAPPY,1,R,1.066,4,3.282,10,0.6564,0.324801950030469,novel
20,FEAR,Other,UK,FEAR,2,R,1.548,5,2.914,10,0.5828,0.531228551818806,famil
20,FEAR,Other,UK,HAPPY,2,L,0.5,3,2.914,10,0.5828,0.171585449553878,novel
21,HAPPY,Other,UK,FEAR,1,L,2.148,8,3.346,12,0.6692,0.641960549910341,novel
21,HAPPY,Other,UK,HAPPY,1,R,0.616,2,3.346,12,0.6692,0.184100418410042,famil
21,HAPPY,Other,UK,FEAR,2,R,2.281,8,3.365,17,0.673,0.677860326894502,novel
21,HAPPY,Other,UK,HAPPY,2,L,0.616,5,3.365,17,0.673,0.183060921248143,famil
22,HAPPY,Other,UK,FEAR,1,R,1.298,4,4.064,9,0.8128,0.319389763779528,novel
22,HAPPY,Other,UK,HAPPY,1,L,2.366,4,4.064,9,0.8128,0.582185039370079,famil
22,HAPPY,Other,UK,FEAR,2,L,1.516,2,4.481,6,0.8962,0.338317339879491,novel
22,HAPPY,Other,UK,HAPPY,2,R,2.099,3,4.481,6,0.8962,0.468422227181433,famil
23,HAPPY,Other,UK,FEAR,1,R,2.231,6,4.83,14,0.966,0.461904761904762,novel
23,HAPPY,Other,UK,HAPPY,1,L,2.299,7,4.83,14,0.966,0.475983436853002,famil
23,HAPPY,Other,UK,FEAR,2,L,3.164,6,4.263,7,0.8526,0.742200328407225,novel
23,HAPPY,Other,UK,HAPPY,2,R,1.099,1,4.263,7,0.8526,0.257799671592775,famil
24,HAPPY,Other,UK,FEAR,1,L,1.982,7,3.698,12,0.7396,0.535965386695511,novel
24,HAPPY,Other,UK,HAPPY,1,R,1.549,4,3.698,12,0.7396,0.41887506760411,famil
24,HAPPY,Other,UK,FEAR,2,R,4.013,7,4.929,10,0.9858,0.814161087441672,novel
24,HAPPY,Other,UK,HAPPY,2,L,0.916,3,4.929,10,0.9858,0.185838912558328,famil
25,HAPPY,Other,UK,FEAR,1,R,1.715,5,3.931,12,0.7862,0.436275756804884,novel
25,HAPPY,Other,UK,HAPPY,1,L,2.216,7,3.931,12,0.7862,0.563724243195116,famil
25,HAPPY,Other,UK,FEAR,2,L,2.332,5,4.664,10,0.9328,0.5,novel
25,HAPPY,Other,UK,HAPPY,2,R,1.682,3,4.664,10,0.9328,0.360634648370497,famil
26,HAPPY,Other,UK,FEAR,1,R,2.549,6,3.332,9,0.6664,0.76500600240096,novel
26,HAPPY,Other,UK,HAPPY,1,L,0.533,2,3.332,9,0.6664,0.159963985594238,famil
26,HAPPY,Other,UK,FEAR,2,L,1.366,2,4.73,12,0.946,0.288794926004228,novel
26,HAPPY,Other,UK,HAPPY,2,R,2.131,5,4.73,12,0.946,0.450528541226216,famil
27,HAPPY,Other,UK,FEAR,1,R,3.531,6,4.714,8,0.9428,0.749045396690709,novel
27,HAPPY,Other,UK,HAPPY,1,L,1.183,2,4.714,8,0.9428,0.250954603309291,famil
27,HAPPY,Other,UK,FEAR,2,L,1.882,5,3.914,9,0.7828,0.480838017373531,novel
27,HAPPY,Other,UK,HAPPY,2,R,2.032,4,3.914,9,0.7828,0.519161982626469,famil
28,HAPPY,Other,UK,FEAR,1,R,2.599,7,4.514,11,0.9028,0.575764288879043,novel
28,HAPPY,Other,UK,HAPPY,1,L,1.399,2,4.514,11,0.9028,0.309924678777138,famil
28,HAPPY,Other,UK,FEAR,2,L,2.548,5,4.28,8,0.856,0.595327102803738,novel
28,HAPPY,Other,UK,HAPPY,2,R,1.732,3,4.28,8,0.856,0.404672897196262,famil
29,HAPPY,Other,UK,FEAR,1,R,3.264,6,4.631,10,0.9262,0.704815374649104,novel
29,HAPPY,Other,UK,HAPPY,1,L,1.15,3,4.631,10,0.9262,0.248326495357374,famil
29,HAPPY,Other,UK,FEAR,2,L,1.533,3,4.514,8,0.9028,0.339610101905184,novel
29,HAPPY,Other,UK,HAPPY,2,R,2.981,5,4.514,8,0.9028,0.660389898094816,famil
30,HAPPY,Other,UK,FEAR,1,R,2.165,5,4.114,10,0.8228,0.526251823043267,novel
30,HAPPY,Other,UK,HAPPY,1,L,1.949,5,4.114,10,0.8228,0.473748176956733,famil
30,HAPPY,Other,UK,FEAR,2,L,1.4,4,4.082,8,0.8164,0.34296913277805,novel
30,HAPPY,Other,UK,HAPPY,2,R,2.682,4,4.082,8,0.8164,0.65703086722195,famil
31,HAPPY,Other,UK,FEAR,1,R,2.698,7,4.363,11,0.8726,0.618381847352739,novel
31,HAPPY,Other,UK,HAPPY,1,L,1.665,4,4.363,11,0.8726,0.381618152647261,famil
31,HAPPY,Other,UK,FEAR,2,L,1.532,3,4.479,13,0.8958,0.342040634070105,novel
31,HAPPY,Other,UK,HAPPY,2,R,2.764,9,4.479,13,0.8958,0.617102031703505,famil
32,HAPPY,Other,UK,FEAR,1,L,2.149,6,3.781,10,0.7562,0.568368156572335,novel
32,HAPPY,Other,UK,HAPPY,1,R,1.632,4,3.781,10,0.7562,0.431631843427665,famil
32,HAPPY,Other,UK,FEAR,2,R,0.583,1,1.199,4,0.2398,0.486238532110092,novel
32,HAPPY,Other,UK,HAPPY,2,L,0.616,3,1.199,4,0.2398,0.513761467889908,famil
33,HAPPY,Other,UK,FEAR,1,L,2.931,7,4.612,11,0.9224,0.63551604509974,novel
33,HAPPY,Other,UK,HAPPY,1,R,1.681,4,4.612,11,0.9224,0.36448395490026,famil
33,HAPPY,Other,UK,FEAR,2,R,1.766,4,3.198,7,0.6396,0.552220137585991,novel
33,HAPPY,Other,UK,HAPPY,2,L,1.049,2,3.198,7,0.6396,0.32801751094434,famil
34,HAPPY,Other,UK,FEAR,1,L,2.397,6,4.695,13,0.939,0.510543130990415,novel
34,HAPPY,Other,UK,HAPPY,1,R,1.632,5,4.695,13,0.939,0.347603833865815,famil
34,HAPPY,Other,UK,FEAR,2,R,1.532,4,4.979,11,0.9958,0.307692307692308,novel
34,HAPPY,Other,UK,HAPPY,2,L,3.347,6,4.979,11,0.9958,0.672223338019683,famil
35,HAPPY,Other,UK,FEAR,1,L,1.932,4,3.715,8,0.743,0.520053835800808,novel
35,HAPPY,Other,UK,HAPPY,1,R,1,2,3.715,8,0.743,0.269179004037685,famil
35,HAPPY,Other,UK,FEAR,2,R,1.532,2,3.314,9,0.6628,0.462281231140616,novel
35,HAPPY,Other,UK,HAPPY,2,L,1.782,7,3.314,9,0.6628,0.537718768859385,famil
36,HAPPY,Other,UK,FEAR,1,R,1.383,4,3.315,11,0.663,0.417194570135747,novel
36,HAPPY,Other,UK,HAPPY,1,L,1.782,6,3.315,11,0.663,0.537556561085973,famil
36,HAPPY,Other,UK,FEAR,2,L,1.049,4,1.832,9,0.3664,0.572598253275109,novel
36,HAPPY,Other,UK,HAPPY,2,R,0.383,4,1.832,9,0.3664,0.209061135371179,famil
37,HAPPY,Other,UK,FEAR,1,L,2.582,6,4.514,9,0.9028,0.571998227735933,novel
37,HAPPY,Other,UK,HAPPY,1,R,1.932,3,4.514,9,0.9028,0.428001772264067,famil
37,HAPPY,Other,UK,FEAR,2,R,2.382,5,3.797,8,0.7594,0.627337371609165,novel
37,HAPPY,Other,UK,HAPPY,2,L,1.032,2,3.797,8,0.7594,0.271793521200948,famil
38,HAPPY,Other,UK,FEAR,1,L,2.098,6,3.863,11,0.7726,0.543101216670981,novel
38,HAPPY,Other,UK,HAPPY,1,R,1.515,4,3.863,11,0.7726,0.392182241780999,famil
38,HAPPY,Other,UK,FEAR,2,R,1.448,3,3.331,13,0.6662,0.434704293005103,novel
38,HAPPY,Other,UK,HAPPY,2,L,1.117,6,3.331,13,0.6662,0.33533473431402,famil
39,HAPPY,Other,UK,FEAR,1,L,2.632,6,4.015,9,0.803,0.655541718555417,novel
39,HAPPY,Other,UK,HAPPY,1,R,1.183,2,4.015,9,0.803,0.294645080946451,famil
39,HAPPY,Other,UK,FEAR,2,R,1.365,3,2.814,4,0.5628,0.485074626865672,novel
39,HAPPY,Other,UK,HAPPY,2,L,1.449,1,2.814,4,0.5628,0.514925373134328,famil
40,FEAR,Own,JAPAN,FEAR,1,L,2.282,5,4.514,8,0.9028,0.505538325210456,famil
40,FEAR,Own,JAPAN,HAPPY,1,R,2.232,3,4.514,8,0.9028,0.494461674789544,novel
40,FEAR,Own,JAPAN,FEAR,2,R,1.782,3,3.232,6,0.6464,0.551361386138614,famil
40,FEAR,Own,JAPAN,HAPPY,2,L,1.45,3,3.232,6,0.6464,0.448638613861386,novel
41,FEAR,Own,JAPAN,FEAR,1,L,0.383,3,1.3,11,0.26,0.294615384615385,famil
41,FEAR,Own,JAPAN,HAPPY,1,R,0.917,8,1.3,11,0.26,0.705384615384616,novel
41,FEAR,Own,JAPAN,FEAR,2,R,0.384,5,1.001,9,0.2002,0.383616383616384,famil
41,FEAR,Own,JAPAN,HAPPY,2,L,0.217,3,1.001,9,0.2002,0.216783216783217,novel
42,FEAR,Own,JAPAN,FEAR,1,R,2.452,6,5,11,1,0.4904,famil
42,FEAR,Own,JAPAN,HAPPY,1,L,2.548,5,5,11,1,0.5096,novel
42,FEAR,Own,JAPAN,FEAR,2,L,0.45,1,3.116,8,0.6232,0.144415917843389,famil
42,FEAR,Own,JAPAN,HAPPY,2,R,2.566,6,3.116,8,0.6232,0.823491655969191,novel
43,FEAR,Own,JAPAN,FEAR,1,R,1.532,3,2.53,7,0.506,0.605533596837945,famil
43,FEAR,Own,JAPAN,HAPPY,1,L,0.998,4,2.53,7,0.506,0.394466403162055,novel
43,FEAR,Own,JAPAN,FEAR,2,L,2.797,8,4.18,11,0.836,0.669138755980861,famil
43,FEAR,Own,JAPAN,HAPPY,2,R,1.383,3,4.18,11,0.836,0.330861244019139,novel
44,FEAR,Own,JAPAN,FEAR,1,R,1.616,5,4.248,12,0.8496,0.380414312617702,famil
44,FEAR,Own,JAPAN,HAPPY,1,L,2.632,7,4.248,12,0.8496,0.619585687382297,novel
44,FEAR,Own,JAPAN,FEAR,2,L,1.783,7,3.548,13,0.7096,0.502536640360767,famil
44,FEAR,Own,JAPAN,HAPPY,2,R,1.765,6,3.548,13,0.7096,0.497463359639233,novel
45,FEAR,Own,JAPAN,FEAR,1,L,0.417,3,1.933,11,0.3866,0.215726849456803,famil
45,FEAR,Own,JAPAN,HAPPY,1,R,1.25,7,1.933,11,0.3866,0.646663217796172,novel
45,FEAR,Own,JAPAN,FEAR,2,R,1.117,4,2.266,12,0.4532,0.492939099735216,famil
45,FEAR,Own,JAPAN,HAPPY,2,L,0.749,5,2.266,12,0.4532,0.33053839364519,novel
46,FEAR,Own,JAPAN,FEAR,1,L,1.099,6,3.599,20,0.7198,0.305362600722423,famil
46,FEAR,Own,JAPAN,HAPPY,1,R,2.417,13,3.599,20,0.7198,0.671575437621561,novel
46,FEAR,Own,JAPAN,FEAR,2,R,1.299,5,2.399,9,0.4798,0.541475614839517,famil
46,FEAR,Own,JAPAN,HAPPY,2,L,0.767,3,2.399,9,0.4798,0.319716548561901,novel
47,FEAR,Own,JAPAN,FEAR,1,L,0.234,2,1.949,13,0.3898,0.120061570035916,famil
47,FEAR,Own,JAPAN,HAPPY,1,R,1.482,9,1.949,13,0.3898,0.7603899435608,novel
47,FEAR,Own,JAPAN,FEAR,2,R,0.566,5,1.333,11,0.2666,0.424606151537884,famil
47,FEAR,Own,JAPAN,HAPPY,2,L,0.767,6,1.333,11,0.2666,0.575393848462115,novel
48,FEAR,Own,JAPAN,FEAR,1,R,1.416,6,1.999,8,0.3998,0.708354177088544,famil
48,FEAR,Own,JAPAN,HAPPY,1,L,0.583,2,1.999,8,0.3998,0.291645822911456,novel
48,FEAR,Own,JAPAN,FEAR,2,L,0.534,3,3.415,10,0.683,0.156368960468521,famil
48,FEAR,Own,JAPAN,HAPPY,2,R,2.881,7,3.415,10,0.683,0.843631039531479,novel
49,FEAR,Own,JAPAN,FEAR,1,R,0.732,4,1.548,9,0.3096,0.472868217054264,famil
49,FEAR,Own,JAPAN,HAPPY,1,L,0.65,3,1.548,9,0.3096,0.419896640826873,novel
49,FEAR,Own,JAPAN,FEAR,2,L,0.467,4,0.751,7,0.1502,0.621837549933422,famil
49,FEAR,Own,JAPAN,HAPPY,2,R,0.217,2,0.751,7,0.1502,0.288948069241012,novel
50,FEAR,Own,JAPAN,FEAR,1,R,1.265,5,2.413,10,0.4826,0.524243680066308,famil
50,FEAR,Own,JAPAN,HAPPY,1,L,1.148,5,2.413,10,0.4826,0.475756319933693,novel
50,FEAR,Own,JAPAN,FEAR,2,L,0.684,4,2.199,9,0.4398,0.311050477489768,famil
50,FEAR,Own,JAPAN,HAPPY,2,R,1.115,3,2.199,9,0.4398,0.507048658481128,novel
51,FEAR,Own,JAPAN,FEAR,1,L,1.05,3,1.749,4,0.3498,0.600343053173242,famil
51,FEAR,Own,JAPAN,HAPPY,1,R,0.699,1,1.749,4,0.3498,0.399656946826758,novel
51,FEAR,Own,JAPAN,FEAR,2,R,0.916,5,1.815,9,0.363,0.504683195592286,famil
51,FEAR,Own,JAPAN,HAPPY,2,L,0.766,3,1.815,9,0.363,0.422038567493113,novel
52,FEAR,Own,JAPAN,FEAR,1,R,1.916,4,3.964,9,0.7928,0.48335015136226,famil
52,FEAR,Own,JAPAN,HAPPY,1,L,2.048,5,3.964,9,0.7928,0.51664984863774,novel
52,FEAR,Own,JAPAN,FEAR,2,L,1.549,4,2.698,7,0.5396,0.574128984432913,famil
52,FEAR,Own,JAPAN,HAPPY,2,R,1.149,3,2.698,7,0.5396,0.425871015567087,novel
53,FEAR,Own,JAPAN,FEAR,1,R,2.766,7,4.582,10,0.9164,0.603666521169795,famil
53,FEAR,Own,JAPAN,HAPPY,1,L,1.816,3,4.582,10,0.9164,0.396333478830205,novel
53,FEAR,Own,JAPAN,FEAR,2,L,0.982,3,3.981,11,0.7962,0.246671690530018,famil
53,FEAR,Own,JAPAN,HAPPY,2,R,2.999,8,3.981,11,0.7962,0.753328309469982,novel
54,FEAR,Own,JAPAN,FEAR,1,R,2.514,4,4.095,9,0.819,0.613919413919414,famil
54,FEAR,Own,JAPAN,HAPPY,1,L,1.265,4,4.095,9,0.819,0.308913308913309,novel
54,FEAR,Own,JAPAN,FEAR,2,L,1.149,5,3.481,10,0.6962,0.330077563918414,famil
54,FEAR,Own,JAPAN,HAPPY,2,R,2.332,5,3.481,10,0.6962,0.669922436081586,novel
55,FEAR,Own,JAPAN,FEAR,1,L,0.965,6,1.132,8,0.2264,0.852473498233216,famil
55,FEAR,Own,JAPAN,HAPPY,1,R,0.167,2,1.132,8,0.2264,0.147526501766784,novel
55,FEAR,Own,JAPAN,FEAR,2,R,1.682,7,2.748,10,0.5496,0.612081513828239,famil
55,FEAR,Own,JAPAN,HAPPY,2,L,1.066,3,2.748,10,0.5496,0.387918486171761,novel
56,FEAR,Own,JAPAN,FEAR,1,L,1.699,6,4.463,13,0.8926,0.38068563746359,famil
56,FEAR,Own,JAPAN,HAPPY,1,R,2.398,6,4.463,13,0.8926,0.53730674434237,novel
56,FEAR,Own,JAPAN,FEAR,2,R,1.449,6,3.932,15,0.7864,0.36851475076297,famil
56,FEAR,Own,JAPAN,HAPPY,2,L,2.133,8,3.932,15,0.7864,0.542472024415056,novel
57,FEAR,Own,JAPAN,FEAR,1,R,1.865,5,4.431,10,0.8862,0.420898217106748,famil
57,FEAR,Own,JAPAN,HAPPY,1,L,2.449,4,4.431,10,0.8862,0.552696908147145,novel
57,FEAR,Own,JAPAN,FEAR,2,L,0.933,2,1.433,4,0.2866,0.651081646894627,famil
57,FEAR,Own,JAPAN,HAPPY,2,R,0.25,1,1.433,4,0.2866,0.174459176552687,novel
58,FEAR,Own,JAPAN,FEAR,1,R,0.767,6,1.566,11,0.3132,0.48978288633461,famil
58,FEAR,Own,JAPAN,HAPPY,1,L,0.799,5,1.566,11,0.3132,0.51021711366539,novel
58,FEAR,Own,JAPAN,FEAR,2,L,1.25,6,2.849,11,0.5698,0.438750438750439,famil
58,FEAR,Own,JAPAN,HAPPY,2,R,1.599,5,2.849,11,0.5698,0.561249561249561,novel
59,HAPPY,Own,JAPAN,FEAR,1,L,1.515,4,4.147,11,0.8294,0.365324330841572,novel
59,HAPPY,Own,JAPAN,HAPPY,1,R,2.632,7,4.147,11,0.8294,0.634675669158428,famil
59,HAPPY,Own,JAPAN,FEAR,2,R,3.581,6,4.996,10,0.9992,0.716773418734988,novel
59,HAPPY,Own,JAPAN,HAPPY,2,L,1.082,3,4.996,10,0.9992,0.216573258606886,famil
60,HAPPY,Own,JAPAN,FEAR,1,L,1.016,7,1.516,10,0.3032,0.670184696569921,novel
60,HAPPY,Own,JAPAN,HAPPY,1,R,0.5,3,1.516,10,0.3032,0.329815303430079,famil
60,HAPPY,Own,JAPAN,FEAR,2,R,0.999,3,1.232,5,0.2464,0.810876623376623,novel
60,HAPPY,Own,JAPAN,HAPPY,2,L,0.15,1,1.232,5,0.2464,0.121753246753247,famil
61,HAPPY,Own,JAPAN,FEAR,1,R,1.1,4,3.048,17,0.6096,0.360892388451444,novel
61,HAPPY,Own,JAPAN,HAPPY,1,L,1.865,12,3.048,17,0.6096,0.611876640419947,famil
61,HAPPY,Own,JAPAN,FEAR,2,L,1.3,4,2.232,12,0.4464,0.582437275985663,novel
61,HAPPY,Own,JAPAN,HAPPY,2,R,0.932,8,2.232,12,0.4464,0.417562724014337,famil
62,HAPPY,Own,JAPAN,FEAR,1,R,1.049,3,2.264,7,0.4528,0.463339222614841,novel
62,HAPPY,Own,JAPAN,HAPPY,1,L,1.032,3,2.264,7,0.4528,0.45583038869258,famil
62,HAPPY,Own,JAPAN,FEAR,2,L,2.282,5,3.265,8,0.653,0.698928024502297,novel
62,HAPPY,Own,JAPAN,HAPPY,2,R,0.816,2,3.265,8,0.653,0.249923430321593,famil
63,HAPPY,Own,JAPAN,FEAR,1,L,1.183,5,5,13,1,0.2366,novel
63,HAPPY,Own,JAPAN,HAPPY,1,R,3.817,8,5,13,1,0.7634,famil
63,HAPPY,Own,JAPAN,FEAR,2,R,2.182,7,3.314,10,0.6628,0.658418829209415,novel
63,HAPPY,Own,JAPAN,HAPPY,2,L,1.132,3,3.314,10,0.6628,0.341581170790585,famil
64,HAPPY,Own,JAPAN,FEAR,1,L,1.016,7,1.016,7,0.2032,1,novel
64,HAPPY,Own,JAPAN,HAPPY,1,R,0,0,1.016,7,0.2032,0,famil
64,HAPPY,Own,JAPAN,FEAR,2,R,0.45,2,2.283,6,0.4566,0.197109067017083,novel
64,HAPPY,Own,JAPAN,HAPPY,2,L,1.833,4,2.283,6,0.4566,0.802890932982917,famil
65,HAPPY,Own,JAPAN,FEAR,1,R,1.665,5,3.264,11,0.6528,0.510110294117647,novel
65,HAPPY,Own,JAPAN,HAPPY,1,L,1.449,5,3.264,11,0.6528,0.443933823529412,famil
65,HAPPY,Own,JAPAN,FEAR,2,L,1.883,3,4.064,8,0.8128,0.463336614173228,novel
65,HAPPY,Own,JAPAN,HAPPY,2,R,1.782,3,4.064,8,0.8128,0.438484251968504,famil
66,HAPPY,Own,JAPAN,FEAR,1,R,3.498,9,4.131,10,0.8262,0.846768336964415,novel
66,HAPPY,Own,JAPAN,HAPPY,1,L,0.633,1,4.131,10,0.8262,0.153231663035585,famil
66,HAPPY,Own,JAPAN,FEAR,2,L,0.533,2,3.182,12,0.6364,0.167504714016342,novel
66,HAPPY,Own,JAPAN,HAPPY,2,R,2.099,8,3.182,12,0.6364,0.659648020113136,famil
67,HAPPY,Own,JAPAN,FEAR,1,R,1.35,10,1.884,13,0.3768,0.71656050955414,novel
67,HAPPY,Own,JAPAN,HAPPY,1,L,0.534,3,1.884,13,0.3768,0.28343949044586,famil
67,HAPPY,Own,JAPAN,FEAR,2,L,1.134,7,2.034,14,0.4068,0.557522123893805,novel
67,HAPPY,Own,JAPAN,HAPPY,2,R,0.4,4,2.034,14,0.4068,0.196656833824975,famil
68,HAPPY,Own,JAPAN,FEAR,1,L,2.115,7,3.564,12,0.7128,0.593434343434344,novel
68,HAPPY,Own,JAPAN,HAPPY,1,R,1.199,4,3.564,12,0.7128,0.33641975308642,famil
68,HAPPY,Own,JAPAN,FEAR,2,R,0.699,2,3.563,11,0.7126,0.196182991860791,novel
68,HAPPY,Own,JAPAN,HAPPY,2,L,2.864,9,3.563,11,0.7126,0.803817008139209,famil
69,HAPPY,Own,JAPAN,FEAR,1,L,2.515,9,3.331,13,0.6662,0.755028519963975,novel
69,HAPPY,Own,JAPAN,HAPPY,1,R,0.816,4,3.331,13,0.6662,0.244971480036025,famil
69,HAPPY,Own,JAPAN,FEAR,2,R,0.666,2,1.914,9,0.3828,0.347962382445141,novel
69,HAPPY,Own,JAPAN,HAPPY,2,L,0.898,5,1.914,9,0.3828,0.469174503657262,famil
70,HAPPY,Own,JAPAN,FEAR,1,L,0.067,1,1.1,10,0.22,0.0609090909090909,novel
70,HAPPY,Own,JAPAN,HAPPY,1,R,0.95,8,1.1,10,0.22,0.863636363636364,famil
70,HAPPY,Own,JAPAN,FEAR,2,R,1.049,6,1.216,7,0.2432,0.862664473684211,novel
70,HAPPY,Own,JAPAN,HAPPY,2,L,0.167,1,1.216,7,0.2432,0.137335526315789,famil
71,HAPPY,Own,JAPAN,FEAR,1,R,1.865,7,4.013,14,0.8026,0.464739596311986,novel
71,HAPPY,Own,JAPAN,HAPPY,1,L,2.148,7,4.013,14,0.8026,0.535260403688014,famil
71,HAPPY,Own,JAPAN,FEAR,2,L,1.698,6,3.795,14,0.759,0.447430830039526,novel
71,HAPPY,Own,JAPAN,HAPPY,2,R,2.097,8,3.795,14,0.759,0.552569169960474,famil
72,HAPPY,Own,JAPAN,FEAR,1,R,2.264,6,3.697,11,0.7394,0.612388423045713,novel
72,HAPPY,Own,JAPAN,HAPPY,1,L,1.083,4,3.697,11,0.7394,0.292940221801461,famil
72,HAPPY,Own,JAPAN,FEAR,2,L,0.333,1,2.382,4,0.4764,0.139798488664987,novel
72,HAPPY,Own,JAPAN,HAPPY,2,R,2.049,3,2.382,4,0.4764,0.860201511335013,famil
73,HAPPY,Own,JAPAN,FEAR,1,R,2.448,6,4.162,11,0.8324,0.588178760211437,novel
73,HAPPY,Own,JAPAN,HAPPY,1,L,1.714,5,4.162,11,0.8324,0.411821239788563,famil
73,HAPPY,Own,JAPAN,FEAR,2,L,0.95,2,1.966,5,0.3932,0.483214649033571,novel
73,HAPPY,Own,JAPAN,HAPPY,2,R,1.016,3,1.966,5,0.3932,0.516785350966429,famil
74,HAPPY,Own,JAPAN,FEAR,1,L,2.299,8,3.565,13,0.713,0.644880785413745,novel
74,HAPPY,Own,JAPAN,HAPPY,1,R,1.166,4,3.565,13,0.713,0.327068723702665,famil
74,HAPPY,Own,JAPAN,FEAR,2,R,2.065,7,3.214,12,0.6428,0.642501555693839,novel
74,HAPPY,Own,JAPAN,HAPPY,2,L,1.149,5,3.214,12,0.6428,0.357498444306161,famil
75,HAPPY,Own,JAPAN,FEAR,1,L,0.9,5,2.648,13,0.5296,0.33987915407855,novel
75,HAPPY,Own,JAPAN,HAPPY,1,R,1.748,8,2.648,13,0.5296,0.66012084592145,famil
75,HAPPY,Own,JAPAN,FEAR,2,R,0.766,5,1.049,7,0.2098,0.7302192564347,novel
75,HAPPY,Own,JAPAN,HAPPY,2,L,0.283,2,1.049,7,0.2098,0.2697807435653,famil
76,HAPPY,Own,JAPAN,FEAR,1,R,1.099,6,1.465,7,0.293,0.750170648464164,novel
76,HAPPY,Own,JAPAN,HAPPY,1,L,0,0,1.465,7,0.293,0,famil
76,HAPPY,Own,JAPAN,FEAR,2,L,0.117,1,1.318,11,0.2636,0.0887708649468892,novel
76,HAPPY,Own,JAPAN,HAPPY,2,R,1.201,10,1.318,11,0.2636,0.911229135053111,famil
77,HAPPY,Own,JAPAN,FEAR,1,R,1.233,5,2.799,13,0.5598,0.440514469453376,novel
77,HAPPY,Own,JAPAN,HAPPY,1,L,0.899,5,2.799,13,0.5598,0.321186137906395,famil
77,HAPPY,Own,JAPAN,FEAR,2,L,1.382,4,2.932,12,0.5864,0.471350613915416,novel
77,HAPPY,Own,JAPAN,HAPPY,2,R,1.383,7,2.932,12,0.5864,0.471691678035471,famil
78,FEAR,Own,UK,FEAR,1,L,1.515,3,5,9,1,0.303,famil
78,FEAR,Own,UK,HAPPY,1,R,3.485,6,5,9,1,0.697,novel
78,FEAR,Own,UK,FEAR,2,R,2.715,6,4.746,10,0.9492,0.572060682680152,famil
78,FEAR,Own,UK,HAPPY,2,L,2.031,4,4.746,10,0.9492,0.427939317319848,novel
79,FEAR,Own,UK,FEAR,1,R,2.215,4,4.929,9,0.9858,0.449381213227835,famil
79,FEAR,Own,UK,HAPPY,1,L,2.714,5,4.929,9,0.9858,0.550618786772165,novel
79,FEAR,Own,UK,FEAR,2,L,1.349,3,2.999,8,0.5998,0.449816605535178,famil
79,FEAR,Own,UK,HAPPY,2,R,1.65,5,2.999,8,0.5998,0.550183394464821,novel
80,FEAR,Own,UK,FEAR,1,L,2.715,6,4.181,11,0.8362,0.649366180339632,famil
80,FEAR,Own,UK,HAPPY,1,R,1.066,3,4.181,11,0.8362,0.254962927529299,novel
80,FEAR,Own,UK,FEAR,2,R,1.433,3,4.514,9,0.9028,0.317456801063359,famil
80,FEAR,Own,UK,HAPPY,2,L,2.348,4,4.514,9,0.9028,0.520159503766061,novel
81,FEAR,Own,UK,FEAR,1,R,2.485,6,5,12,1,0.497,famil
81,FEAR,Own,UK,HAPPY,1,L,2.515,6,5,12,1,0.503,novel
81,FEAR,Own,UK,FEAR,2,L,1.266,3,3.13,8,0.626,0.404472843450479,famil
81,FEAR,Own,UK,HAPPY,2,R,1.598,4,3.13,8,0.626,0.510543130990415,novel
82,FEAR,Own,UK,FEAR,1,L,1.832,4,3.981,10,0.7962,0.460185882943984,famil
82,FEAR,Own,UK,HAPPY,1,R,2.149,6,3.981,10,0.7962,0.539814117056016,novel
82,FEAR,Own,UK,FEAR,2,R,1.964,5,4.628,13,0.9256,0.424373379429559,famil
82,FEAR,Own,UK,HAPPY,2,L,2.348,7,4.628,13,0.9256,0.507346585998271,novel
83,FEAR,Own,UK,FEAR,1,L,1.849,5,4.563,12,0.9126,0.405215866754328,famil
83,FEAR,Own,UK,HAPPY,1,R,2.597,6,4.563,12,0.9126,0.569143107604646,novel
83,FEAR,Own,UK,FEAR,2,R,1.467,4,4.497,12,0.8994,0.326217478318879,famil
83,FEAR,Own,UK,HAPPY,2,L,2.93,7,4.497,12,0.8994,0.651545474760952,novel
84,FEAR,Own,UK,FEAR,1,R,1.649,4,4.647,11,0.9294,0.354852593070798,famil
84,FEAR,Own,UK,HAPPY,1,L,2.465,5,4.647,11,0.9294,0.530449752528513,novel
84,FEAR,Own,UK,FEAR,2,L,3.851,9,5,12,1,0.7702,famil
84,FEAR,Own,UK,HAPPY,2,R,1.149,3,5,12,1,0.2298,novel
85,FEAR,Own,UK,FEAR,1,L,3.215,6,4.881,9,0.9762,0.658676500717066,famil
85,FEAR,Own,UK,HAPPY,1,R,1.666,3,4.881,9,0.9762,0.341323499282934,novel
85,FEAR,Own,UK,FEAR,2,R,1.033,2,4.679,8,0.9358,0.220773669587519,famil
85,FEAR,Own,UK,HAPPY,2,L,3.646,6,4.679,8,0.9358,0.779226330412481,novel
86,FEAR,Own,UK,FEAR,1,R,2.864,5,4.863,12,0.9726,0.588936870244705,famil
86,FEAR,Own,UK,HAPPY,1,L,1.766,6,4.863,12,0.9726,0.363150318733292,novel
86,FEAR,Own,UK,FEAR,2,L,1.881,3,4.629,12,0.9258,0.406351263771873,famil
86,FEAR,Own,UK,HAPPY,2,R,2.481,8,4.629,12,0.9258,0.535968891769281,novel
87,FEAR,Own,UK,FEAR,1,L,2.752,5,5,8,1,0.5504,famil
87,FEAR,Own,UK,HAPPY,1,R,1.981,2,5,8,1,0.3962,novel
87,FEAR,Own,UK,FEAR,2,R,2.299,5,5,9,1,0.4598,famil
87,FEAR,Own,UK,HAPPY,2,L,2.701,4,5,9,1,0.5402,novel
88,FEAR,Own,UK,FEAR,1,L,2.252,5,5,9,1,0.4504,famil
88,FEAR,Own,UK,HAPPY,1,R,2.348,3,5,9,1,0.4696,novel
88,FEAR,Own,UK,FEAR,2,R,3.764,8,4.713,10,0.9426,0.798642053893486,famil
88,FEAR,Own,UK,HAPPY,2,L,0.949,2,4.713,10,0.9426,0.201357946106514,novel
89,FEAR,Own,UK,FEAR,1,L,1.716,5,5,12,1,0.3432,famil
89,FEAR,Own,UK,HAPPY,1,R,3.284,7,5,12,1,0.6568,novel
89,FEAR,Own,UK,FEAR,2,R,2.498,5,4.896,10,0.9792,0.510212418300654,famil
89,FEAR,Own,UK,HAPPY,2,L,2.398,5,4.896,10,0.9792,0.489787581699346,novel
90,FEAR,Own,UK,FEAR,1,R,0.782,2,4.046,11,0.8092,0.19327731092437,famil
90,FEAR,Own,UK,HAPPY,1,L,2.548,7,4.046,11,0.8092,0.629757785467128,novel
90,FEAR,Own,UK,FEAR,2,L,2.115,5,3.364,9,0.6728,0.62871581450654,famil
90,FEAR,Own,UK,HAPPY,2,R,0.333,1,3.364,9,0.6728,0.0989892984542212,novel
91,FEAR,Own,UK,FEAR,1,R,2.582,7,3.914,10,0.7828,0.659683188553909,famil
91,FEAR,Own,UK,HAPPY,1,L,1.332,3,3.914,10,0.7828,0.340316811446091,novel
91,FEAR,Own,UK,FEAR,2,L,2.964,4,5,9,1,0.5928,famil
91,FEAR,Own,UK,HAPPY,2,R,0.42,2,5,9,1,0.084,novel
92,FEAR,Own,UK,FEAR,1,L,1.599,6,4.379,16,0.8758,0.365151861155515,famil
92,FEAR,Own,UK,HAPPY,1,R,2.181,7,4.379,16,0.8758,0.498058917561087,novel
92,FEAR,Own,UK,FEAR,2,R,2.05,7,3.315,11,0.663,0.618401206636501,famil
92,FEAR,Own,UK,HAPPY,2,L,1.265,4,3.315,11,0.663,0.381598793363499,novel
93,FEAR,Own,UK,FEAR,1,R,3.28,6,4.447,9,0.8894,0.73757589386103,famil
93,FEAR,Own,UK,HAPPY,1,L,0.75,2,4.447,9,0.8894,0.168653024510906,novel
93,FEAR,Own,UK,FEAR,2,L,0.832,3,4.598,16,0.9196,0.180948238364506,famil
93,FEAR,Own,UK,HAPPY,2,R,3.316,11,4.598,16,0.9196,0.721183123096999,novel
94,FEAR,Own,UK,FEAR,1,R,2.998,7,4.98,11,0.996,0.602008032128514,famil
94,FEAR,Own,UK,HAPPY,1,L,1.732,3,4.98,11,0.996,0.347791164658634,novel
94,FEAR,Own,UK,FEAR,2,L,1.149,2,5,8,1,0.2298,famil
94,FEAR,Own,UK,HAPPY,2,R,3.851,6,5,8,1,0.7702,novel
95,FEAR,Own,UK,FEAR,1,R,2.848,6,4.764,10,0.9528,0.597816960537364,famil
95,FEAR,Own,UK,HAPPY,1,L,1.916,4,4.764,10,0.9528,0.402183039462637,novel
95,FEAR,Own,UK,FEAR,2,L,1.548,5,5,10,1,0.3096,famil
95,FEAR,Own,UK,HAPPY,2,R,2.848,4,5,10,1,0.5696,novel
96,FEAR,Own,UK,FEAR,1,L,2.183,4,4.881,10,0.9762,0.447244417127638,famil
96,FEAR,Own,UK,HAPPY,1,R,2.698,6,4.881,10,0.9762,0.552755582872362,novel
96,FEAR,Own,UK,FEAR,2,R,3.449,7,5,11,1,0.6898,famil
96,FEAR,Own,UK,HAPPY,2,L,1.551,4,5,11,1,0.3102,novel
97,HAPPY,Own,UK,FEAR,1,L,1.616,4,4.564,11,0.9128,0.35407537248028,novel
97,HAPPY,Own,UK,HAPPY,1,R,2.948,7,4.564,11,0.9128,0.64592462751972,famil
97,HAPPY,Own,UK,FEAR,2,R,2.901,8,5,14,1,0.5802,novel
97,HAPPY,Own,UK,HAPPY,2,L,1.25,3,5,14,1,0.25,famil
98,HAPPY,Own,UK,FEAR,1,L,1.002,2,5,9,1,0.2004,novel
98,HAPPY,Own,UK,HAPPY,1,R,3.498,6,5,9,1,0.6996,famil
98,HAPPY,Own,UK,FEAR,2,R,2.965,4,4.597,7,0.9194,0.644985860343702,novel
98,HAPPY,Own,UK,HAPPY,2,L,1.282,2,4.597,7,0.9194,0.278877528823146,famil
99,HAPPY,Own,UK,FEAR,1,R,2.869,6,5,10,1,0.5738,novel
99,HAPPY,Own,UK,HAPPY,1,L,1.815,3,5,10,1,0.363,famil
99,HAPPY,Own,UK,FEAR,2,L,1.332,3,3.88,9,0.776,0.343298969072165,novel
99,HAPPY,Own,UK,HAPPY,2,R,2.398,5,3.88,9,0.776,0.618041237113402,famil
100,HAPPY,Own,UK,FEAR,1,L,1.932,4,4.446,11,0.8892,0.434547908232119,novel
100,HAPPY,Own,UK,HAPPY,1,R,2.297,6,4.446,11,0.8892,0.516644174538911,famil
100,HAPPY,Own,UK,FEAR,2,R,1.482,4,3.28,8,0.656,0.451829268292683,novel
100,HAPPY,Own,UK,HAPPY,2,L,1.332,2,3.28,8,0.656,0.40609756097561,famil
101,HAPPY,Own,UK,FEAR,1,L,2.882,5,4.597,9,0.9194,0.626930606917555,novel
101,HAPPY,Own,UK,HAPPY,1,R,1.715,4,4.597,9,0.9194,0.373069393082445,famil
101,HAPPY,Own,UK,FEAR,2,R,3.851,7,5,9,1,0.7702,novel
101,HAPPY,Own,UK,HAPPY,2,L,1.149,2,5,9,1,0.2298,famil
102,HAPPY,Own,UK,FEAR,1,L,3.185,5,5,9,1,0.637,novel
102,HAPPY,Own,UK,HAPPY,1,R,1.515,3,5,9,1,0.303,famil
102,HAPPY,Own,UK,FEAR,2,R,1.133,2,4.947,8,0.9894,0.229027693551647,novel
102,HAPPY,Own,UK,HAPPY,2,L,3.148,4,4.947,8,0.9894,0.636345259753386,famil
103,HAPPY,Own,UK,FEAR,1,L,2.165,5,4.23,9,0.846,0.511820330969267,novel
103,HAPPY,Own,UK,HAPPY,1,R,2.065,4,4.23,9,0.846,0.488179669030733,famil
103,HAPPY,Own,UK,FEAR,2,R,2.498,4,4.779,9,0.9558,0.522703494454907,novel
103,HAPPY,Own,UK,HAPPY,2,L,1.898,4,4.779,9,0.9558,0.397154216363256,famil
104,HAPPY,Own,UK,FEAR,1,R,2.932,5,5,9,1,0.5864,novel
104,HAPPY,Own,UK,HAPPY,1,L,1.718,3,5,9,1,0.3436,famil
104,HAPPY,Own,UK,FEAR,2,L,3.048,3,5,6,1,0.6096,novel
104,HAPPY,Own,UK,HAPPY,2,R,1.952,3,5,6,1,0.3904,famil
105,HAPPY,Own,UK,FEAR,1,R,2.182,9,3.049,13,0.6098,0.715644473597901,novel
105,HAPPY,Own,UK,HAPPY,1,L,0.7,3,3.049,13,0.6098,0.229583469990161,famil
105,HAPPY,Own,UK,FEAR,2,L,2.131,8,2.88,13,0.576,0.739930555555555,novel
105,HAPPY,Own,UK,HAPPY,2,R,0.666,4,2.88,13,0.576,0.23125,famil
106,HAPPY,Own,UK,FEAR,1,L,1.7,7,4.665,15,0.933,0.364415862808146,novel
106,HAPPY,Own,UK,HAPPY,1,R,2.432,7,4.665,15,0.933,0.521329046087889,famil
106,HAPPY,Own,UK,FEAR,2,R,2.897,9,4.28,14,0.856,0.676869158878505,novel
106,HAPPY,Own,UK,HAPPY,2,L,1.383,5,4.28,14,0.856,0.323130841121495,famil
107,HAPPY,Own,UK,FEAR,1,L,2.22,6,5,13,1,0.444,novel
107,HAPPY,Own,UK,HAPPY,1,R,2.414,6,5,13,1,0.4828,famil
107,HAPPY,Own,UK,FEAR,2,R,3.348,8,4.78,11,0.956,0.700418410041841,novel
107,HAPPY,Own,UK,HAPPY,2,L,1.132,2,4.78,11,0.956,0.236820083682008,famil
108,HAPPY,Own,UK,FEAR,1,L,3.299,4,4.232,7,0.8464,0.779536862003781,novel
108,HAPPY,Own,UK,HAPPY,1,R,0.933,3,4.232,7,0.8464,0.220463137996219,famil
108,HAPPY,Own,UK,FEAR,2,R,2.066,2,2.699,4,0.5398,0.765468692108188,novel
108,HAPPY,Own,UK,HAPPY,2,L,0,0,2.699,4,0.5398,0,famil
109,HAPPY,Own,UK,FEAR,1,L,2.682,6,3.066,9,0.6132,0.874755381604697,novel
109,HAPPY,Own,UK,HAPPY,1,R,0.267,2,3.066,9,0.6132,0.0870841487279844,famil
109,HAPPY,Own,UK,FEAR,2,R,3.681,10,4.33,12,0.866,0.850115473441108,novel
109,HAPPY,Own,UK,HAPPY,2,L,0.516,1,4.33,12,0.866,0.119168591224018,famil
110,HAPPY,Own,UK,FEAR,1,R,2.882,6,3.898,8,0.7796,0.739353514622883,novel
110,HAPPY,Own,UK,HAPPY,1,L,0.733,1,3.898,8,0.7796,0.188045151359672,famil
110,HAPPY,Own,UK,FEAR,2,L,2.831,4,4.813,7,0.9626,0.5881986287139,novel
110,HAPPY,Own,UK,HAPPY,2,R,1.982,3,4.813,7,0.9626,0.4118013712861,famil
111,HAPPY,Own,UK,FEAR,1,R,2.615,5,5,12,1,0.523,novel
111,HAPPY,Own,UK,HAPPY,1,L,2.385,7,5,12,1,0.477,famil
111,HAPPY,Own,UK,FEAR,2,L,3.081,5,4.879,7,0.9758,0.631481861037098,novel
111,HAPPY,Own,UK,HAPPY,2,R,1.798,2,4.879,7,0.9758,0.368518138962902,famil
112,HAPPY,Own,UK,FEAR,1,L,2.764,6,5,10,1,0.5528,novel
112,HAPPY,Own,UK,HAPPY,1,R,2.236,4,5,10,1,0.4472,famil
112,HAPPY,Own,UK,FEAR,2,R,2.049,6,4.649,12,0.9298,0.440739944073994,novel
112,HAPPY,Own,UK,HAPPY,2,L,2.6,6,4.649,12,0.9298,0.559260055926006,famil
113,HAPPY,Own,UK,FEAR,1,R,3.114,5,5,11,1,0.6228,novel
113,HAPPY,Own,UK,HAPPY,1,L,1.636,5,5,11,1,0.3272,famil
113,HAPPY,Own,UK,FEAR,2,L,1.933,8,5,16,1,0.3866,novel
113,HAPPY,Own,UK,HAPPY,2,R,2.501,6,5,16,1,0.5002,famil
114,HAPPY,Own,UK,FEAR,1,R,1.216,3,2.199,5,0.4398,0.552978626648477,novel
114,HAPPY,Own,UK,HAPPY,1,L,0.483,1,2.199,5,0.4398,0.219645293315143,famil
114,HAPPY,Own,UK,FEAR,2,L,1.416,2,2.548,5,0.5096,0.555729984301413,novel
114,HAPPY,Own,UK,HAPPY,2,R,1.132,3,2.548,5,0.5096,0.444270015698587,famil
115,HAPPY,Own,UK,FEAR,1,L,2.965,5,4.713,9,0.9426,0.629110969658392,novel
115,HAPPY,Own,UK,HAPPY,1,R,1.132,2,4.713,9,0.9426,0.240186717589646,famil
115,HAPPY,Own,UK,FEAR,2,R,2.165,7,4.048,11,0.8096,0.534832015810277,novel
115,HAPPY,Own,UK,HAPPY,2,L,0.583,1,4.048,11,0.8096,0.144021739130435,famil
116,FEAR,Other,JAPAN,FEAR,1,L,1.815,4,3.797,8,0.7594,0.478008954437714,famil
116,FEAR,Other,JAPAN,HAPPY,1,R,1.982,4,3.797,8,0.7594,0.521991045562286,novel
116,FEAR,Other,JAPAN,FEAR,2,R,3.447,7,4.663,10,0.9326,0.739223675745228,famil
116,FEAR,Other,JAPAN,HAPPY,2,L,1.216,3,4.663,10,0.9326,0.260776324254772,novel
117,FEAR,Other,JAPAN,FEAR,1,L,2.415,4,5,6,1,0.483,famil
117,FEAR,Other,JAPAN,HAPPY,1,R,2.585,2,5,6,1,0.517,novel
117,FEAR,Other,JAPAN,FEAR,2,R,2.199,1,5,6,1,0.4398,famil
117,FEAR,Other,JAPAN,HAPPY,2,L,2.551,4,5,6,1,0.5102,novel
118,FEAR,Other,JAPAN,FEAR,1,L,1.916,4,4.764,10,0.9528,0.402183039462636,famil
118,FEAR,Other,JAPAN,HAPPY,1,R,2.848,6,4.764,10,0.9528,0.597816960537364,novel
118,FEAR,Other,JAPAN,FEAR,2,R,1.233,3,3.964,13,0.7928,0.311049445005045,famil
118,FEAR,Other,JAPAN,HAPPY,2,L,2.065,7,3.964,13,0.7928,0.520938446014127,novel
119,FEAR,Other,JAPAN,FEAR,1,L,1.966,4,3.748,9,0.7496,0.524546424759872,famil
119,FEAR,Other,JAPAN,HAPPY,1,R,1.782,5,3.748,9,0.7496,0.475453575240128,novel
119,FEAR,Other,JAPAN,FEAR,2,R,1.049,3,2.581,10,0.5162,0.406431615652848,famil
119,FEAR,Other,JAPAN,HAPPY,2,L,1.316,5,2.581,10,0.5162,0.509879891514917,novel
120,FEAR,Other,JAPAN,FEAR,1,R,2.968,4,5,7,1,0.5936,famil
120,FEAR,Other,JAPAN,HAPPY,1,L,2.032,3,5,7,1,0.4064,novel
120,FEAR,Other,JAPAN,FEAR,2,L,3.065,3,4.681,5,0.9362,0.65477462080752,famil
120,FEAR,Other,JAPAN,HAPPY,2,R,1.616,2,4.681,5,0.9362,0.34522537919248,novel
121,FEAR,Other,JAPAN,FEAR,1,L,2.881,6,4.214,9,0.8428,0.683673469387755,famil
121,FEAR,Other,JAPAN,HAPPY,1,R,1.333,3,4.214,9,0.8428,0.316326530612245,novel
121,FEAR,Other,JAPAN,FEAR,2,R,2.083,5,4.815,11,0.963,0.432606438213915,famil
121,FEAR,Other,JAPAN,HAPPY,2,L,2.099,4,4.815,11,0.963,0.435929387331257,novel
122,FEAR,Other,JAPAN,FEAR,1,L,3.298,4,4.863,7,0.9726,0.678182192062513,famil
122,FEAR,Other,JAPAN,HAPPY,1,R,1.465,2,4.863,7,0.9726,0.301254369730619,novel
122,FEAR,Other,JAPAN,FEAR,2,R,2.416,5,4.265,8,0.853,0.566471277842907,famil
122,FEAR,Other,JAPAN,HAPPY,2,L,1.849,3,4.265,8,0.853,0.433528722157093,novel
123,FEAR,Other,JAPAN,FEAR,1,R,1.082,4,4.146,10,0.8292,0.260974433188616,famil
123,FEAR,Other,JAPAN,HAPPY,1,L,3.064,6,4.146,10,0.8292,0.739025566811385,novel
123,FEAR,Other,JAPAN,FEAR,2,L,1.083,3,2.93,9,0.586,0.36962457337884,famil
123,FEAR,Other,JAPAN,HAPPY,2,R,1.597,5,2.93,9,0.586,0.545051194539249,novel
124,FEAR,Other,JAPAN,FEAR,1,R,1.182,3,2.581,6,0.5162,0.457962030220845,famil
124,FEAR,Other,JAPAN,HAPPY,1,L,1.399,3,2.581,6,0.5162,0.542037969779155,novel
124,FEAR,Other,JAPAN,FEAR,2,L,1.082,3,2.43,6,0.486,0.445267489711934,famil
124,FEAR,Other,JAPAN,HAPPY,2,R,1.348,3,2.43,6,0.486,0.554732510288066,novel
125,FEAR,Other,JAPAN,FEAR,1,R,2.481,4,4.047,11,0.8094,0.613046701260193,famil
125,FEAR,Other,JAPAN,HAPPY,1,L,1.566,7,4.047,11,0.8094,0.386953298739807,novel
125,FEAR,Other,JAPAN,FEAR,2,L,1.415,4,4.062,9,0.8124,0.348350566223535,famil
125,FEAR,Other,JAPAN,HAPPY,2,R,2.564,4,4.062,9,0.8124,0.63121614967996,novel
126,FEAR,Other,JAPAN,FEAR,1,R,1.847,5,4.61,12,0.922,0.400650759219089,famil
126,FEAR,Other,JAPAN,HAPPY,1,L,2.763,7,4.61,12,0.922,0.599349240780911,novel
126,FEAR,Other,JAPAN,FEAR,2,L,1.315,2,3.346,6,0.6692,0.393006575014943,famil
126,FEAR,Other,JAPAN,HAPPY,2,R,1.731,3,3.346,6,0.6692,0.517334130304842,novel
127,FEAR,Other,JAPAN,FEAR,1,L,2.332,5,4.098,8,0.8196,0.569058077110786,famil
127,FEAR,Other,JAPAN,HAPPY,1,R,1.766,3,4.098,8,0.8196,0.430941922889214,novel
127,FEAR,Other,JAPAN,FEAR,2,R,0.965,3,3.48,7,0.696,0.277298850574713,famil
127,FEAR,Other,JAPAN,HAPPY,2,L,2.515,4,3.48,7,0.696,0.722701149425287,novel
128,FEAR,Other,JAPAN,FEAR,1,L,1.849,5,5,11,1,0.3698,famil
128,FEAR,Other,JAPAN,HAPPY,1,R,3.151,6,5,11,1,0.6302,novel
128,FEAR,Other,JAPAN,FEAR,2,R,2.965,6,3.831,9,0.7662,0.773949360480292,famil
128,FEAR,Other,JAPAN,HAPPY,2,L,0.516,1,3.831,9,0.7662,0.13469068128426,novel
129,FEAR,Other,JAPAN,FEAR,1,L,2.982,6,4.931,10,0.9862,0.604745487730683,famil
129,FEAR,Other,JAPAN,HAPPY,1,R,1.949,4,4.931,10,0.9862,0.395254512269317,novel
129,FEAR,Other,JAPAN,FEAR,2,R,2.698,2,4.313,7,0.8626,0.625550660792952,famil
129,FEAR,Other,JAPAN,HAPPY,2,L,1.382,4,4.313,7,0.8626,0.320426617203803,novel
130,FEAR,Other,JAPAN,FEAR,1,L,2.648,6,3.564,8,0.7128,0.742985409652076,famil
130,FEAR,Other,JAPAN,HAPPY,1,R,0.916,2,3.564,8,0.7128,0.257014590347924,novel
130,FEAR,Other,JAPAN,FEAR,2,R,1.866,7,2.349,11,0.4698,0.794380587484036,famil
130,FEAR,Other,JAPAN,HAPPY,2,L,0.366,3,2.349,11,0.4698,0.15581098339719,novel
131,FEAR,Other,JAPAN,FEAR,1,L,3.401,6,5,10,1,0.6802,famil
131,FEAR,Other,JAPAN,HAPPY,1,R,1.599,4,5,10,1,0.3198,novel
131,FEAR,Other,JAPAN,FEAR,2,R,1.316,4,2.864,10,0.5728,0.459497206703911,famil
131,FEAR,Other,JAPAN,HAPPY,2,L,1.448,5,2.864,10,0.5728,0.505586592178771,novel
132,FEAR,Other,JAPAN,FEAR,1,L,1.349,2,4.614,7,0.9228,0.292371044646727,famil
132,FEAR,Other,JAPAN,HAPPY,1,R,2.665,4,4.614,7,0.9228,0.577589943649762,novel
132,FEAR,Other,JAPAN,FEAR,2,R,2.131,7,3.346,11,0.6692,0.636879856545128,famil
132,FEAR,Other,JAPAN,HAPPY,2,L,0.949,3,3.346,11,0.6692,0.283622235505081,novel
133,FEAR,Other,JAPAN,FEAR,1,R,2.586,3,5,8,1,0.5172,famil
133,FEAR,Other,JAPAN,HAPPY,1,L,2.098,4,5,8,1,0.4196,novel
133,FEAR,Other,JAPAN,FEAR,2,L,1.232,2,3.896,10,0.7792,0.316221765913758,famil
133,FEAR,Other,JAPAN,HAPPY,2,R,2.215,6,3.896,10,0.7792,0.568531827515401,novel
134,FEAR,Other,JAPAN,FEAR,1,L,1.699,6,4.664,11,0.9328,0.364279588336192,famil
134,FEAR,Other,JAPAN,HAPPY,1,R,2.965,5,4.664,11,0.9328,0.635720411663808,novel
134,FEAR,Other,JAPAN,FEAR,2,R,3.082,6,4.498,11,0.8996,0.685193419297465,famil
134,FEAR,Other,JAPAN,HAPPY,2,L,1.299,4,4.498,11,0.8996,0.288795020008893,novel
135,HAPPY,Other,JAPAN,FEAR,1,L,0.983,2,4.48,9,0.896,0.219419642857143,novel
135,HAPPY,Other,JAPAN,HAPPY,1,R,3.397,6,4.48,9,0.896,0.758258928571429,famil
135,HAPPY,Other,JAPAN,FEAR,2,R,1.215,3,2.531,6,0.5062,0.480047412090083,novel
135,HAPPY,Other,JAPAN,HAPPY,2,L,1.033,2,2.531,6,0.5062,0.408139075464243,famil
136,HAPPY,Other,JAPAN,FEAR,1,L,3.334,7,5,11,1,0.6668,novel
136,HAPPY,Other,JAPAN,HAPPY,1,R,1.666,4,5,11,1,0.3332,famil
136,HAPPY,Other,JAPAN,FEAR,2,R,2.681,5,4.713,12,0.9426,0.568852111181837,novel
136,HAPPY,Other,JAPAN,HAPPY,2,L,1.565,5,4.713,12,0.9426,0.332060258858476,famil
137,HAPPY,Other,JAPAN,FEAR,1,L,2.852,4,5,11,1,0.5704,novel
137,HAPPY,Other,JAPAN,HAPPY,1,R,2.148,7,5,11,1,0.4296,famil
137,HAPPY,Other,JAPAN,FEAR,2,R,1.316,3,4.531,9,0.9062,0.290443610681969,novel
137,HAPPY,Other,JAPAN,HAPPY,2,L,3.115,5,4.531,9,0.9062,0.687486206135511,famil
138,HAPPY,Other,JAPAN,FEAR,1,L,4.218,9,5,12,1,0.8436,novel
138,HAPPY,Other,JAPAN,HAPPY,1,R,0.782,3,5,12,1,0.1564,famil
138,HAPPY,Other,JAPAN,FEAR,2,R,0.466,2,2.915,8,0.583,0.159862778730703,novel
138,HAPPY,Other,JAPAN,HAPPY,2,L,2.449,6,2.915,8,0.583,0.840137221269297,famil
139,HAPPY,Other,JAPAN,FEAR,1,L,2.682,5,4.58,9,0.916,0.585589519650655,novel
139,HAPPY,Other,JAPAN,HAPPY,1,R,1.898,4,4.58,9,0.916,0.414410480349345,famil
139,HAPPY,Other,JAPAN,FEAR,2,R,2.482,4,4.598,9,0.9196,0.539799913005655,novel
139,HAPPY,Other,JAPAN,HAPPY,2,L,1.999,4,4.598,9,0.9196,0.434754240974337,famil
140,HAPPY,Other,JAPAN,FEAR,1,R,2.348,5,4.497,10,0.8994,0.522125861685568,novel
140,HAPPY,Other,JAPAN,HAPPY,1,L,2.149,5,4.497,10,0.8994,0.477874138314432,famil
140,HAPPY,Other,JAPAN,FEAR,2,L,1.932,4,4.863,11,0.9726,0.397285626156693,novel
140,HAPPY,Other,JAPAN,HAPPY,2,R,2.648,6,4.863,11,0.9726,0.54451984371787,famil
141,HAPPY,Other,JAPAN,FEAR,1,R,2.948,8,3.481,9,0.6962,0.846883079574835,novel
141,HAPPY,Other,JAPAN,HAPPY,1,L,0.533,1,3.481,9,0.6962,0.153116920425165,famil
141,HAPPY,Other,JAPAN,FEAR,2,L,1.332,4,3.98,8,0.796,0.334673366834171,novel
141,HAPPY,Other,JAPAN,HAPPY,2,R,2.515,3,3.98,8,0.796,0.631909547738693,famil
142,HAPPY,Other,JAPAN,FEAR,1,L,2.149,5,3.747,9,0.7494,0.573525487056312,novel
142,HAPPY,Other,JAPAN,HAPPY,1,R,1.332,3,3.747,9,0.7494,0.355484387510008,famil
142,HAPPY,Other,JAPAN,FEAR,2,R,0.8,2,4.264,12,0.8528,0.187617260787992,novel
142,HAPPY,Other,JAPAN,HAPPY,2,L,2.998,7,4.264,12,0.8528,0.703095684803002,famil
143,HAPPY,Other,JAPAN,FEAR,1,L,2.548,6,4.697,11,0.9394,0.5424739195231,novel
143,HAPPY,Other,JAPAN,HAPPY,1,R,2.149,5,4.697,11,0.9394,0.4575260804769,famil
143,HAPPY,Other,JAPAN,FEAR,2,R,2.215,4,4.697,10,0.9394,0.471577602725144,novel
143,HAPPY,Other,JAPAN,HAPPY,2,L,2.482,6,4.697,10,0.9394,0.528422397274856,famil
144,HAPPY,Other,JAPAN,FEAR,1,R,2.547,6,4.213,14,0.8426,0.604557322572988,novel
144,HAPPY,Other,JAPAN,HAPPY,1,L,1.333,6,4.213,14,0.8426,0.316401614051745,famil
144,HAPPY,Other,JAPAN,FEAR,2,L,1.583,6,3.032,10,0.6064,0.522097625329815,novel
144,HAPPY,Other,JAPAN,HAPPY,2,R,1.449,4,3.032,10,0.6064,0.477902374670185,famil
145,HAPPY,Other,JAPAN,FEAR,1,R,1.75,4,4.68,10,0.936,0.373931623931624,novel
145,HAPPY,Other,JAPAN,HAPPY,1,L,2.697,5,4.68,10,0.936,0.576282051282051,famil
145,HAPPY,Other,JAPAN,FEAR,2,L,1.948,3,3.764,9,0.7528,0.517534537725824,novel
145,HAPPY,Other,JAPAN,HAPPY,2,R,1.516,4,3.764,9,0.7528,0.402763018065887,famil
146,HAPPY,Other,JAPAN,FEAR,1,L,2.381,8,3.83,11,0.766,0.621671018276762,novel
146,HAPPY,Other,JAPAN,HAPPY,1,R,1.449,3,3.83,11,0.766,0.378328981723238,famil
146,HAPPY,Other,JAPAN,FEAR,2,R,0.849,3,2.131,7,0.4262,0.398404504927264,novel
146,HAPPY,Other,JAPAN,HAPPY,2,L,1.282,4,2.131,7,0.4262,0.601595495072736,famil
147,HAPPY,Other,JAPAN,FEAR,1,R,2.248,3,3.83,8,0.766,0.586945169712794,novel
147,HAPPY,Other,JAPAN,HAPPY,1,L,1.332,4,3.83,8,0.766,0.347780678851175,famil
147,HAPPY,Other,JAPAN,FEAR,2,L,1.482,7,2.232,9,0.4464,0.663978494623656,novel
147,HAPPY,Other,JAPAN,HAPPY,2,R,0.75,2,2.232,9,0.4464,0.336021505376344,famil
148,HAPPY,Other,JAPAN,FEAR,1,L,1.649,3,5,8,1,0.3298,novel
148,HAPPY,Other,JAPAN,HAPPY,1,R,3.351,5,5,8,1,0.6702,famil
148,HAPPY,Other,JAPAN,FEAR,2,R,3.747,7,4.88,9,0.976,0.767827868852459,novel
148,HAPPY,Other,JAPAN,HAPPY,2,L,1.133,2,4.88,9,0.976,0.232172131147541,famil
149,HAPPY,Other,JAPAN,FEAR,1,L,1.099,5,1.166,7,0.2332,0.94253859348199,novel
149,HAPPY,Other,JAPAN,HAPPY,1,R,0.05,1,1.166,7,0.2332,0.0428816466552316,famil
149,HAPPY,Other,JAPAN,FEAR,2,R,1.166,2,2.831,9,0.5662,0.411868597668668,novel
149,HAPPY,Other,JAPAN,HAPPY,2,L,1.565,6,2.831,9,0.5662,0.552808194984104,famil
150,HAPPY,Other,JAPAN,FEAR,1,R,2.336,4,5,9,1,0.4672,novel
150,HAPPY,Other,JAPAN,HAPPY,1,L,2.664,5,5,9,1,0.5328,famil
150,HAPPY,Other,JAPAN,FEAR,2,L,2.715,3,3.565,6,0.713,0.761570827489481,novel
150,HAPPY,Other,JAPAN,HAPPY,2,R,0.75,2,3.565,6,0.713,0.210378681626928,famil
151,HAPPY,Other,JAPAN,FEAR,1,R,2.116,6,5,14,1,0.4232,novel
151,HAPPY,Other,JAPAN,HAPPY,1,L,2.884,8,5,14,1,0.5768,famil
151,HAPPY,Other,JAPAN,FEAR,2,L,2.465,6,4.664,13,0.9328,0.528516295025729,novel
151,HAPPY,Other,JAPAN,HAPPY,2,R,1.716,5,4.664,13,0.9328,0.367924528301887,famil
152,HAPPY,Other,JAPAN,FEAR,1,R,2.481,8,4.846,14,0.9692,0.511968633924887,novel
152,HAPPY,Other,JAPAN,HAPPY,1,L,2.365,6,4.846,14,0.9692,0.488031366075114,famil
152,HAPPY,Other,JAPAN,FEAR,2,L,3.335,9,5,14,1,0.667,novel
152,HAPPY,Other,JAPAN,HAPPY,2,R,1.665,5,5,14,1,0.333,famil
153,HAPPY,Other,JAPAN,FEAR,1,R,3.164,9,4.912,17,0.9824,0.64413680781759,novel
153,HAPPY,Other,JAPAN,HAPPY,1,L,1.465,6,4.912,17,0.9824,0.298249185667752,famil
153,HAPPY,Other,JAPAN,FEAR,2,L,2.266,6,4.914,12,0.9828,0.461131461131461,novel
153,HAPPY,Other,JAPAN,HAPPY,2,R,2.265,4,4.914,12,0.9828,0.460927960927961,famil
